{"catLlas": {
    "3460": [

        [32.58476097380601, -117.22572563649815],
        [32.58469277589929, -117.22600085198881],
        [32.585569713952026, -117.22558389207964],
        [32.58575276583639, -117.22546212526544],

        [36.959751765084995, -75.71861291609076],
        [36.95993290478301, -75.71869586716566],
        [36.960070476981706, -75.7196951750022],
        [36.960158746025535, -75.71990887392455],

        [51.111408373036724, -6.549980352109564],
        [51.11140738016833, -6.549668294974503],
        [51.112080556091215, -6.54892769910912],
        [51.11219396151111, -6.548691178029971],

        [35.398049226378966, 18.300910741084905],
        [35.39822929095383, 18.300829070267238],
        [35.398370386363915, 18.299837473645514],
        [35.39845520335618, 18.299647236569832],

        [48.31102172587934, -4.6417827069853566],
        [48.31153056135422, -4.640638123372878],

        [-22.978192498367406, -43.126426319755595],
        [-22.977297814522064, -43.12631545537209]
    ],
    "2581": [

        [32.584681706184355, -117.22599707385666],
        [32.58473219997832, -117.22572343169526],
        [32.58556684174651, -117.22557996477758],
        [32.58574181943178, -117.22545360174081],

        [36.95975109536236, -75.71861283256322],
        [36.95993234493448, -75.71869585627961],
        [36.960065207039264, -75.71971468484077],
        [36.960158327901595, -75.71990885959839],

        [51.111415212328374, -6.549978002216705],
        [51.111407524814126, -6.549668840385276],
        [51.11208068539849, -6.548928268041369],
        [51.11219406207231, -6.548691772637805],

        [35.39804851109343, 18.300910769361888],
        [35.39822899979273, 18.300829048576528],
        [35.39836968802177, 18.299837430308045],
        [35.39845292025303, 18.299635304861823],

        [48.311040616833495, -4.641747895738742],
        [48.31153099780857, -4.640638742801035],

        [-22.97817640557492, -43.12643059907837],
        [-22.977279428216015, -43.12631992691684]
    ],
    "7": [

        [32.58466513419094, -117.22599192164667],
        [32.5847162705773, -117.22572017650904],
        [32.58553925122189, -117.22557966534826],
        [32.58571668466535, -117.22545608125574],

        [36.95975085435506, -75.71861282425346],
        [36.95993342358018, -75.71866191566397],
        [36.96007366539351, -75.71969088206018],
        [36.96015810503333, -75.71989600834787],

        [51.1114249194232, -6.549969728123216],
        [51.111392179521985, -6.549679542653642],
        [51.11208075051571, -6.548928619488688],
        [51.11217942010546, -6.548702472001664],

        [35.398047329203266, 18.30089589165662],
        [35.39822874518565, 18.300840294702624],
        [35.39836943934744, 18.2998374597818],
        [35.39845272297127, 18.299647699108128],

        [48.31104074886232, -4.641748107930104],
        [48.311549595665895, -4.6406043672937205],

        [-22.97815800538741, -43.126426558907895],
        [-22.97727949656153, -43.126320181593066]
    ],
    "27" : [

    [32.58468617772663, -117.22599268469057],
    [32.58473723728525, -117.22572244108152],
    [32.58556021792984, -117.22558192994153],
    [32.58573773481399, -117.22545651733161],
    
    [36.95974938574724, -75.71863910778762],
    [36.95993305614847, -75.71868825943014],
    [36.96007219678569, -75.71971716570577],
    [36.96015810503333, -75.71992235620468],

    [51.11144470310569, -6.549958258576573],
    [51.111411412718965, -6.549665902867551],
    [51.1121005341982, -6.548917149779272],
    [51.11219865330244, -6.548688831983213],

    [35.39804560412274, 18.30087015084295],
    [35.398228194073056, 18.30081447583292],
    [35.39836760442663, 18.299811730298956],
    [35.39845272297127, 18.299621871316162],
    
    [48.31105442192274, -4.641724037230043],
    [48.311564586203126, -4.640582140371737],
    
    [-22.978136952032244, -43.126426558907895],
    [-22.97725852332074, -43.126322174643]

]
},
"angle": [
    178.25, 174.8, 174.8, 179,
    86, 89, 86, 90,
    200, 204, 200, 204,
    85.3, 88.5, 85, 90,
    229.5, 224.6,
    180, 175
]}
